rank,category,tool_type,occurrences,priority_level,problem_description,impact_summary,percentage_of_total
1,Repeater-Specific Layout/Behavior Limitations,Repeater,42,High,Inherent limitations in repeater functionality affecting layout flexibility,Core tool cannot meet user layout requirements,16.6%
2,Confusion/Misunderstanding of Repeater Functionality,Repeater,37,High,Users struggling to understand and properly implement repeater functionality,Tool design/usability preventing successful usage,14.6%
3,Spacing Padding & Alignment Issues,Grid,27,High,Various layout and spacing problems caused by section grid settings and element behavior,Core tool producing unexpected spacing behaviors,10.7%
4,Limitations with Specific Layout Components/Behaviors,Stack,21,High,Users having trouble creating and controlling stacking and layout effects,Tool-specific functionality gaps limiting user capabilities,8.3%
5,Grid Cell & Section Manipulation Difficulties,Grid,20,High,Significant challenges managing section grids and cells in Wix Studio,Core tool manipulation is difficult and unintuitive,7.9%
6,Grid System Limitations & Inflexibility,Grid,20,High,Users face significant limitations with Wix Studio's grid features,Fundamental tool design constraints,7.9%
7,Difficulty with Fine-Grained Control and Manipulation of Stacked Elements,Stack,18,Medium,Users facing alignment and resizing challenges due to restrictive stack behaviors,Tool lacks precision controls needed for detailed work,7.1%
8,Unpredictable Spacing and Gaps,Stack,14,Medium,Users experiencing excessive gaps and inconsistent spacing in stack layouts,Tool behavior is unpredictable and unreliable,5.5%
9,Confusion & Lack of Understanding of Layout Tools,Grid,14,Medium,Users face recurring problems with managing section grids and spacing,Tool design is not intuitive or learnable,5.5%
10,Difficulty Manipulating CSS Grid Elements & Dimensions,CSS Grid,8,Low,Users struggling with precision and control needed to adjust elements within CSS Grid layouts,Tool lacks adequate manipulation controls,3.2%
11,Lack of General Familiarity/Understanding with Layout & Design,General,7,Low,Users frequently struggle with basic manipulation of elements and proper alignment,Overall tool usability and design issues,2.8%
12,Difficulty with Core Layout Controls & Editor Functionality,Flex,7,Low,User struggles with fundamental interactions and controls within the editor's layout system,Core tool controls are problematic,2.8%
13,Layout Tool Feature Parity & Flexibility Limitations,Flex,5,Low,User frustrations from perceived lack of consistent features between different editors,Tool feature gaps compared to alternatives,2.0%
14,App/Component-Specific Responsive & Customization Limitations,Flex,5,Low,Specific Wix applications or pre-built components lacking necessary customization,Tool customization capabilities are limited,2.0%
15,Need for Advanced/Custom Layouts or Features,General,4,Minor,Users requesting complex design functionalities not readily available through existing tools,Tool capability gaps for advanced use cases,1.6%
16,Specific Layout Tool Functionality Issues,General,2,Minor,Difficulties with specific functions within layout tools,Specific tool functionality problems,0.8%
17,Transition Difficulties & Learning Curve with Wix Studio,General,2,Minor,Users new to Wix Studio struggling to adapt to its design tools,Tool adoption and onboarding challenges,0.8% 